<?xml version="1.0"?>
<CUSTOM_OBJECT>
  <NAME>VLT_MPOO_CLU</NAME>
  <TYPE>CUSTOM_EVENT</TYPE>
  <DESCRIPTION>Manage Purchase Order Owner CLU Populate</DESCRIPTION>
  <CUSTOM_EVENT EXPORT_DEF_VERSION="1">
    <EVENT_LU_NAME>PurchaseOrder</EVENT_LU_NAME>
    <EVENT_ID>VLT_MPOO_CLU</EVENT_ID>
    <EVENT_DESCRIPTION>Manage Purchase Order Owner CLU Populate</EVENT_DESCRIPTION>
    <EVENT_ENABLE>TRUE</EVENT_ENABLE>
    <EVENT_TABLE_NAME>PURCHASE_ORDER_TAB</EVENT_TABLE_NAME>
    <MODIFIED_ATTRIBUTES/>
    <EVENT_TYPE_DB>CUSTOM</EVENT_TYPE_DB>
    <NEW_ROW_DB>TRUE</NEW_ROW_DB>
    <MODIFY_ROW_DB>FALSE</MODIFY_ROW_DB>
    <REMOVE_ROW_DB>FALSE</REMOVE_ROW_DB>
    <EVENT_TRIGGER_TYPE_DB>AFTER</EVENT_TRIGGER_TYPE_DB>
    <DEFINITION_MODIFIED_DATE>2025-07-03-11.56.40</DEFINITION_MODIFIED_DATE>
    <OBJKEY>79E287E1975045C9AF99647B290B5B5D</OBJKEY>
    <EVENT_PARAMETERS>
      <EVENT_PARAMETERS_ROW>
        <ID>ORDER_NO</ID>
        <ID_TYPE>STRING</ID_TYPE>
        <PLSQL_METHOD/>
        <CURRENT_VALUE_DB>FALSE</CURRENT_VALUE_DB>
        <NEW_VALUE_DB>TRUE</NEW_VALUE_DB>
      </EVENT_PARAMETERS_ROW>
    </EVENT_PARAMETERS>
  </CUSTOM_EVENT>
</CUSTOM_OBJECT>
