<?xml version="1.0"?>
<CUSTOM_OBJECT>
  <NAME>0^VLT_MPOO_CLU^PurchaseOrder</NAME>
  <TYPE>CUSTOM_EVENT_ACTION</TYPE>
  <DESCRIPTION>Manage Purchase Order Owner CLU Populate</DESCRIPTION>
  <CUSTOM_EVENT_ACTION EXPORT_DEF_VERSION="2">
    <EVENT_LU_NAME>PurchaseOrder</EVENT_LU_NAME>
    <EVENT_ID>VLT_MPOO_CLU</EVENT_ID>
    <ACTION_NUMBER>0</ACTION_NUMBER>
    <ACTION_ENABLE>TRUE</ACTION_ENABLE>
    <ACTION_PARAMETERS>!FNDSER.EVENT_ACTION_PARAM
$SQL=DECLARE
-   p0_ VARCHAR2(32000) := NULL;
-   p3_ VARCHAR2(32000) := &apos;CF$_ORDER_NO&apos;||chr(31)|| &apos;&amp;NEW:ORDER_NO&apos; ||chr(30);
-BEGIN
-   IFSAPP.VLT_SET_PO_OWNER_CLP.NEW__( p0_ , p0_ , p0_ , p3_ , &apos;DO&apos; );
-END;
$ATTACH=!ATTACHMENTS
</ACTION_PARAMETERS>
    <FND_EVENT_ACTION_TYPE_DB>EXECUTEONLINESQL</FND_EVENT_ACTION_TYPE_DB>
    <CONDITION_TYPE>!EVENT_ACTION_COND_TYPE
$NEW:ORDER_NO=
</CONDITION_TYPE>
    <CONDITION_VALUE>!EVENT_ACTION_COND_VALUE
$NEW:ORDER_NO=
</CONDITION_VALUE>
    <DESCRIPTION>Manage Purchase Order Owner CLU Populate</DESCRIPTION>
    <SUBSCRIBABLE>FALSE</SUBSCRIBABLE>
    <SYSTEM_DEFINED>FALSE</SYSTEM_DEFINED>
    <ROLE/>
    <DEFINITION_MODIFIED_DATE>2025-07-03-12.00.03</DEFINITION_MODIFIED_DATE>
    <OBJKEY>6833A44438E245AFA888658CB4AB3D1F</OBJKEY>
  </CUSTOM_EVENT_ACTION>
</CUSTOM_OBJECT>
