<?xml version="1.0"?>
<CUSTOM_OBJECT>
  <NAME>Purchase Order...</NAME>
  <TYPE>CUSTOM_MENU</TYPE>
  <DESCRIPTION>Purchase Order...</DESCRIPTION>
  <CUSTOM_MENU EXPORT_DEF_VERSION="1">
    <MENU_ID>150346</MENU_ID>
    <DESCRIPTION>Purchase Order...</DESCRIPTION>
    <WINDOW>cpgSetPoOwner</WINDOW>
    <PROCESS>NONE</PROCESS>
    <ORDERING>2</ORDERING>
    <PARAMETER>frmPurchaseOrder</PARAMETER>
    <CUSTOM_MENU_TYPE_DB>2</CUSTOM_MENU_TYPE_DB>
    <BUNDLE_EXECUTION_DB>FALSE</BUNDLE_EXECUTION_DB>
    <PO_ID>frmPurchaseOrder</PO_ID>
    <ENABLED_WHEN/>
    <REFRESH_UI>FALSE</REFRESH_UI>
    <EXPORT_DATE>2025-07-03-16.18.27</EXPORT_DATE>
    <DEFINITION_MODIFIED_DATE>2025-07-03-12.20.07</DEFINITION_MODIFIED_DATE>
    <OBJVERSION>20250703122007</OBJVERSION>
    <OBJKEY>311F6B4CBCFC47918233D8729C665B08</OBJKEY>
    <TEXTS>
      <TEXTS_ROW>
        <LANGUAGE_CODE>en</LANGUAGE_CODE>
        <TITLE>Purchase Order...</TITLE>
        <OBJKEY>5703718B81A44F6595D359C9809FC83A</OBJKEY>
      </TEXTS_ROW>
    </TEXTS>
    <KEY_TRANSLATIONS>
      <KEY_TRANSLATIONS_ROW>
        <ID>1</ID>
        <SOURCE_KEY_NAME>CF$_ORDER_NO</SOURCE_KEY_NAME>
        <DEST_KEY_NAME>ORDER_NO</DEST_KEY_NAME>
        <OBJKEY>5114EF7150034A76A5AA69D5C4041868</OBJKEY>
      </KEY_TRANSLATIONS_ROW>
    </KEY_TRANSLATIONS>
    <EXPANDABLE_PARAMETERS>
  </EXPANDABLE_PARAMETERS>
  </CUSTOM_MENU>
</CUSTOM_OBJECT>
