<?xml version="1.0"?>
<APPLICATION_CONFIGURATION>
  <EXPORT_DEF_VERSION>1</EXPORT_DEF_VERSION>
  <PACKAGE_ID>B9F45E123DD54F2AB064FEAC3C28D9D0</PACKAGE_ID>
  <NAME>VLT_SET_PO_OWNER</NAME>
  <DESCRIPTION/>
  <AUTHOR>J.PONTES</AUTHOR>
  <VERSION/>
  <VERSION_TIME_STAMP>2025-07-03-16.18.28</VERSION_TIME_STAMP>
  <ORIGIN>TEST-308391-CPROD10</ORIGIN>
  <LAST_MODIFIED_DATE>2025-07-03-16.18.18</LAST_MODIFIED_DATE>
  <ITEMS>
    <ITEMS_ROW>
      <NAME>Purchase Order...</NAME>
      <TYPE>CUSTOM_MENU</TYPE>
      <DESCRIPTION>Purchase Order...</DESCRIPTION>
      <FILENAME>CustomMenu-cpgSetPoOwner-150346.xml</FILENAME>
    </ITEMS_ROW>
    <ITEMS_ROW>
      <NAME>0^VLT_MPOO_CLU^PurchaseOrder</NAME>
      <TYPE>CUSTOM_EVENT_ACTION</TYPE>
      <DESCRIPTION>Manage Purchase Order Owner CLU Populate</DESCRIPTION>
      <FILENAME>CustomEventAction-PurchaseOrder-VLT_MPOO_CLU-0-EXECUTEONLINESQL.xml</FILENAME>
    </ITEMS_ROW>
    <ITEMS_ROW>
      <NAME>VLT_MPOO_CLU</NAME>
      <TYPE>CUSTOM_EVENT</TYPE>
      <DESCRIPTION>Manage Purchase Order Owner CLU Populate</DESCRIPTION>
      <FILENAME>CustomEvent-PurchaseOrder-VLT_MPOO_CLU.xml</FILENAME>
    </ITEMS_ROW>
    <ITEMS_ROW>
      <NAME>Manage Puchase Order Owner</NAME>
      <TYPE>CUSTOM_LU</TYPE>
      <DESCRIPTION/>
      <FILENAME>CustomLogicalUnit-VltSetPoOwner.xml</FILENAME>
    </ITEMS_ROW>
  </ITEMS>
  <ADDITIONAL_ITEMS/>
</APPLICATION_CONFIGURATION>
